Name, has Areas of Expertise,Expertise
Andrew Turner, has Areas of Expertise, Wealth Transfer
Andrew Turner, has Areas of Expertise, Retirement Planning
Andrew Turner, has Areas of Expertise, Sustainable Finance
Daniel Turner, has Areas of Expertise, Investment Management
Daniel Turner, has Areas of Expertise, Financial Education
Daniel Turner, has Areas of Expertise, Real Estate Investment
David White, has Areas of Expertise, Risk Management
David White, has Areas of Expertise, Financial Education
David White, has Areas of Expertise, Real Estate Investment
Emily Parker, has Areas of Expertise, Financial Education
Emily Parker, has Areas of Expertise, Charitable Giving
Emily Parker, has Areas of Expertise, Sustainable Finance
Emma Davis, has Areas of Expertise, Estate Planning
Emma Davis, has Areas of Expertise, Portfolio Diversification
Emma Davis, has Areas of Expertise, Family Governance
George Harris, has Areas of Expertise, Asset Allocation
George Harris, has Areas of Expertise, Tax Planning
George Harris, has Areas of Expertise, Real Estate Investment
John Smith, has Areas of Expertise, Investment Management
John Smith, has Areas of Expertise, Estate Planning
John Smith, has Areas of Expertise, Philanthropic Strategies
Laura Bennett, has Areas of Expertise, Estate Planning
Laura Bennett, has Areas of Expertise, Philanthropic Strategies
Laura Bennett, has Areas of Expertise, Family Governance
Matthew Taylor, has Areas of Expertise, Retirement Planning
Matthew Taylor, has Areas of Expertise, Tax Planning
Matthew Taylor, has Areas of Expertise, Sustainable Finance
Melissa Hughes, has Areas of Expertise, Charitable Giving
Melissa Hughes, has Areas of Expertise, Risk Management
Melissa Hughes, has Areas of Expertise, Retirement Planning
Michael Brown, has Areas of Expertise, Tax Planning
Michael Brown, has Areas of Expertise, Risk Management
Michael Brown, has Areas of Expertise, Business Succession
Oliver Anderson, has Areas of Expertise, Portfolio Diversification
Oliver Anderson, has Areas of Expertise, Risk Management
Oliver Anderson, has Areas of Expertise, Business Succession
Olivia Green, has Areas of Expertise, Financial Education
Olivia Green, has Areas of Expertise, Asset Allocation
Olivia Green, has Areas of Expertise, Charitable Giving
Richard Foster, has Areas of Expertise, Portfolio Diversification
Richard Foster, has Areas of Expertise, Investment Management
Richard Foster, has Areas of Expertise, Financial Education
Sarah Johnson, has Areas of Expertise, Retirement Planning
Sarah Johnson, has Areas of Expertise, Tax-Efficient Investing
Sarah Johnson, has Areas of Expertise, Sustainable Finance
Sophie Turner, has Areas of Expertise, Wealth Transfer
Sophie Turner, has Areas of Expertise, Tax-Efficient Investing
Sophie Turner, has Areas of Expertise, Retirement Planning
Sophie Walker, has Areas of Expertise, Asset Allocation
Sophie Walker, has Areas of Expertise, Tax Planning
Sophie Walker, has Areas of Expertise, Real Estate Investment
