 Andrew Turner, is a, Personal Wealth Advisor
Andrew Turner, has Areas of Expertise, Wealth Transfer
Andrew Turner, has Areas of Expertise, Retirement Planning
Andrew Turner, has Areas of Expertise, Sustainable Finance
Andrew Turner, has Service Postcodes, W2
Andrew Turner, has Service Postcodes, SE5
Andrew Turner, has Service Postcodes, E17
Andrew Turner, has Service Postcodes, SW11
Andrew Turner, has Service Postcodes, EC1
Andrew Turner, has Interests, Gardening
Andrew Turner, has Interests, Science
Andrew Turner, has Interests, Rugby
Andrew Turner, has Client Profile, Specializes in retirees aged 60 and above
Andrew Turner, has Client Profile, with a passion for sustainable investments
Andrew Turner, has Client Profile, 75% have a science or engineering background.
 Daniel Turner, is a, Personal Wealth Advisor
Daniel Turner, has Areas of Expertise, Investment Management
Daniel Turner, has Areas of Expertise, Financial Education
Daniel Turner, has Areas of Expertise, Real Estate Investment
Daniel Turner, has Service Postcodes, W11
Daniel Turner, has Service Postcodes, SE10
Daniel Turner, has Service Postcodes, E18
Daniel Turner, has Service Postcodes, NW6
Daniel Turner, has Service Postcodes, SW19
Daniel Turner, has Service Postcodes, N19
Daniel Turner, has Service Postcodes, E2
Daniel Turner, has Service Postcodes, SW1V
Daniel Turner, has Service Postcodes, W3
Daniel Turner, has Service Postcodes, E7
Daniel Turner, has Service Postcodes, SE5
Daniel Turner, has Service Postcodes, EC1
Daniel Turner, has Service Postcodes, SW10
Daniel Turner, has Service Postcodes, N15
Daniel Turner, has Service Postcodes, SE8
Daniel Turner, has Service Postcodes, NA
 David White, is a, Personal Wealth Advisor
David White, has Areas of Expertise, Risk Management
David White, has Areas of Expertise, Financial Education
David White, has Areas of Expertise, Real Estate Investment
David White, has Service Postcodes, W11
David White, has Service Postcodes, SE10
David White, has Service Postcodes, E18
David White, has Service Postcodes, NW6
David White, has Service Postcodes, SW19
David White, has Interests, Sailing
David White, has Interests, Jazz Music
David White, has Interests, Skiing
David White, has Client Profile, Specializes in educating clients aged 30-50 on risk management
David White, has Client Profile, 70% of clients actively participate in financial literacy events
David White, has Client Profile, demonstrating a strong commitment to ongoing financial education.
 Emily Parker, is a, Personal Wealth Advisor
Emily Parker, has Areas of Expertise, Financial Education
Emily Parker, has Areas of Expertise, Charitable Giving
Emily Parker, has Areas of Expertise, Sustainable Finance
Emily Parker, has Service Postcodes, SW3
Emily Parker, has Service Postcodes, EC4
Emily Parker, has Service Postcodes, NW8
Emily Parker, has Service Postcodes, SE5
Emily Parker, has Service Postcodes, E15
Emily Parker, has Service Postcodes, W14
Emily Parker, has Service Postcodes, SW18
Emily Parker, has Service Postcodes, N8
Emily Parker, has Service Postcodes, E14
Emily Parker, has Service Postcodes, SW16
Emily Parker, has Service Postcodes, SE26
Emily Parker, has Service Postcodes, E3
Emily Parker, has Service Postcodes, SW7
Emily Parker, has Service Postcodes, N22
Emily Parker, has Service Postcodes, E1W
Emily Parker, has Service Postcodes, NA
 Emma Davis, is a, Personal Wealth Advisor
Emma Davis, has Areas of Expertise, Estate Planning
Emma Davis, has Areas of Expertise, Portfolio Diversification
Emma Davis, has Areas of Expertise, Family Governance
Emma Davis, has Service Postcodes, SW1
Emma Davis, has Service Postcodes, EC2
Emma Davis, has Service Postcodes, N16
Emma Davis, has Service Postcodes, W8
Emma Davis, has Service Postcodes, SE12
Emma Davis, has Interests, Wine Tasting
Emma Davis, has Interests, Literature
Emma Davis, has Interests, Tennis
Emma Davis, has Client Profile, Primarily works with families aged 40-60
Emma Davis, has Client Profile, with a commitment to preserving wealth across generations
Emma Davis, has Client Profile, 80% of clients have a background in the arts or literature.
 George Harris, is a, Personal Wealth Advisor
George Harris, has Areas of Expertise, Asset Allocation
George Harris, has Areas of Expertise, Tax Planning
George Harris, has Areas of Expertise, Real Estate Investment
George Harris, has Service Postcodes, SW5
George Harris, has Service Postcodes, EC1
George Harris, has Service Postcodes, N7
George Harris, has Service Postcodes, W4
George Harris, has Service Postcodes, SE18
George Harris, has Service Postcodes, NW3
George Harris, has Service Postcodes, SE4
George Harris, has Service Postcodes, E9
George Harris, has Service Postcodes, SW12
George Harris, has Service Postcodes, E14
George Harris, has Service Postcodes, N4
George Harris, has Service Postcodes, SW1
George Harris, has Service Postcodes, SE13
George Harris, has Service Postcodes, WC2
George Harris, has Service Postcodes, SW14
George Harris, has Service Postcodes, NA
 John Smith, is a, Personal Wealth Advisor
John Smith, has Areas of Expertise, Investment Management
John Smith, has Areas of Expertise, Estate Planning
John Smith, has Areas of Expertise, Philanthropic Strategies
John Smith, has Service Postcodes, NW1
John Smith, has Service Postcodes, EC3
John Smith, has Service Postcodes, SW7
John Smith, has Service Postcodes, WC1
John Smith, has Service Postcodes, W14
John Smith, has Interests, Golf
John Smith, has Interests, Fine Dining
John Smith, has Interests, Art Appreciation
John Smith, has Client Profile, Primarily serves clients aged 45-65
John Smith, has Client Profile, with a focus on high-net-worth individuals
John Smith, has Client Profile, 70% have postgraduate education
John Smith, has Client Profile, demonstrating a keen financial awareness.
 Laura Bennett, is a, Personal Wealth Advisor
Laura Bennett, has Areas of Expertise, Estate Planning
Laura Bennett, has Areas of Expertise, Philanthropic Strategies
Laura Bennett, has Areas of Expertise, Family Governance
Laura Bennett, has Service Postcodes, SE1
Laura Bennett, has Service Postcodes, E14
Laura Bennett, has Service Postcodes, NW3
Laura Bennett, has Service Postcodes, SW7
Laura Bennett, has Service Postcodes, WC1
Laura Bennett, has Service Postcodes, SW19
Laura Bennett, has Service Postcodes, SE4
Laura Bennett, has Service Postcodes, E9
Laura Bennett, has Service Postcodes, NW5
Laura Bennett, has Service Postcodes, N16
Laura Bennett, has Service Postcodes, W8
Laura Bennett, has Service Postcodes, E1W
Laura Bennett, has Service Postcodes, SW6
Laura Bennett, has Service Postcodes, N4
Laura Bennett, has Service Postcodes, SW18
Laura Bennett, has Service Postcodes, NA
 Matthew Taylor, is a, Personal Wealth Advisor
Matthew Taylor, has Areas of Expertise, Retirement Planning
Matthew Taylor, has Areas of Expertise, Tax Planning
Matthew Taylor, has Areas of Expertise, Sustainable Finance
Matthew Taylor, has Service Postcodes, N5
Matthew Taylor, has Service Postcodes, E17
Matthew Taylor, has Service Postcodes, SW11
Matthew Taylor, has Service Postcodes, EC2
Matthew Taylor, has Service Postcodes, W6
Matthew Taylor, has Service Postcodes, SE19
Matthew Taylor, has Service Postcodes, NW9
Matthew Taylor, has Service Postcodes, E8
Matthew Taylor, has Service Postcodes, SW16
Matthew Taylor, has Service Postcodes, SE26
Matthew Taylor, has Service Postcodes, W1
Matthew Taylor, has Service Postcodes, SW7
Matthew Taylor, has Service Postcodes, N22
Matthew Taylor, has Service Postcodes, E2
Matthew Taylor, has Service Postcodes, SW3
Matthew Taylor, has Service Post, NA
 Melissa Hughes, is a, Personal Wealth Advisor
Melissa Hughes, has Areas of Expertise, Charitable Giving
Melissa Hughes, has Areas of Expertise, Risk Management
Melissa Hughes, has Areas of Expertise, Retirement Planning
Melissa Hughes, has Service Postcodes, SW10
Melissa Hughes, has Service Postcodes, EC2
Melissa Hughes, has Service Postcodes, NW5
Melissa Hughes, has Service Postcodes, SE15
Melissa Hughes, has Service Postcodes, W6
Melissa Hughes, has Interests, Volunteer Work
Melissa Hughes, has Interests, Fashion
Melissa Hughes, has Interests, Golf
Melissa Hughes, has Client Profile, Specializes in clients aged 40-70
Melissa Hughes, has Client Profile, with a focus on philanthropy
Melissa Hughes, has Client Profile, 80% actively engage in community volunteer work
Melissa Hughes, has Client Profile, aligning with a passion for charitable giving.
 Michael Brown, is a, Personal Wealth Advisor
Michael Brown, has Areas of Expertise, Tax Planning
Michael Brown, has Areas of Expertise, Risk Management
Michael Brown, has Areas of Expertise, Business Succession
Michael Brown, has Service Postcodes, WC2
Michael Brown, has Service Postcodes, N1
Michael Brown, has Service Postcodes, E1
Michael Brown, has Service Postcodes, SW8
Michael Brown, has Service Postcodes, EC4
Michael Brown, has Interests, Photography
Michael Brown, has Interests, Theatre
Michael Brown, has Interests, Football
Michael Brown, has Client Profile, Caters to a mix of age groups
Michael Brown, has Client Profile, with a focus on entrepreneurs and business owners
Michael Brown, has Client Profile, 75% have a college degree
Michael Brown, has Client Profile, showcasing a balanced financial awareness across different educational backgrounds.
 Oliver Anderson, is a, Personal Wealth Advisor
Oliver Anderson, has Areas of Expertise, Portfolio Diversification
Oliver Anderson, has Areas of Expertise, Risk Management
Oliver Anderson, has Areas of Expertise, Business Succession
Oliver Anderson, has Service Postcodes, SW1
Oliver Anderson, has Service Postcodes, EC2
Oliver Anderson, has Service Postcodes, N16
Oliver Anderson, has Service Postcodes, W8
Oliver Anderson, has Service Postcodes, SE12
Oliver Anderson, has Service Postcodes, NW10
Oliver Anderson, has Service Postcodes, E18
Oliver Anderson, has Service Postcodes, SW9
Oliver Anderson, has Service Postcodes, E10
Oliver Anderson, has Service Postcodes, SW19
Oliver Anderson, has Service Postcodes, WC2
Oliver Anderson, has Service Postcodes, N6
Oliver Anderson, has Service Postcodes, E5
Oliver Anderson, has Service Postcodes, W2<
 Olivia Green, is a, Personal Wealth Advisor
Olivia Green, has Areas of Expertise, Financial Education
Olivia Green, has Areas of Expertise, Asset Allocation
Olivia Green, has Areas of Expertise, Charitable Giving
Olivia Green, has Service Postcodes, SW3
Olivia Green, has Service Postcodes, EC4
Olivia Green, has Service Postcodes, NW8
Olivia Green, has Service Postcodes, SE5
Olivia Green, has Service Postcodes, E15
Olivia Green, has Interests, Yoga
Olivia Green, has Interests, Technology
Olivia Green, has Interests, Soccer
Olivia Green, has Client Profile, Focuses on young professionals aged 25-40
Olivia Green, has Client Profile, encouraging philanthropy
Olivia Green, has Client Profile, responsible investing
Olivia Green, has Client Profile, 60% have a technology-related background.
 Richard Foster, is a, Personal Wealth Advisor
Richard Foster, has Areas of Expertise, Portfolio Diversification
Richard Foster, has Areas of Expertise, Investment Management
Richard Foster, has Areas of Expertise, Financial Education
Richard Foster, has Service Postcodes, W11
Richard Foster, has Service Postcodes, SE22
Richard Foster, has Service Postcodes, E3
Richard Foster, has Service Postcodes, NW3
Richard Foster, has Service Postcodes, SW6
Richard Foster, has Interests, Painting
Richard Foster, has Interests, Theatre
Richard Foster, has Interests, Football
Richard Foster, has Client Profile, Works with a mix of age groups
Richard Foster, has Client Profile, placing a strong emphasis on art-related investments
Richard Foster, has Client Profile, 70% have participated in financial education programs.
 Sarah Johnson, is a, Personal Wealth Advisor
Sarah Johnson, has Areas of Expertise, Retirement Planning
Sarah Johnson, has Areas of Expertise, Tax-Efficient Investing
Sarah Johnson, has Areas of Expertise, Sustainable Finance
Sarah Johnson, has Service Postcodes, W1A
Sarah Johnson, has Service Postcodes, SE1
Sarah Johnson, has Service Postcodes, E14
Sarah Johnson, has Service Postcodes, NW3
Sarah Johnson, has Service Postcodes, SW16
Sarah Johnson, has Interests, Travel
Sarah Johnson, has Interests, Classical Music
Sarah Johnson, has Interests, Hiking
Sarah Johnson, has Client Profile, Specializes in clients aged 55 and above
Sarah Johnson, has Client Profile, with a strong emphasis on ethical investments
Sarah Johnson, has Client Profile, 60% have attended financial literacy workshops
Sarah Johnson, has Client Profile, indicating a diverse understanding of money matters.
 Sophie Turner, is a, Personal Wealth Advisor
Sophie Turner, has Areas of Expertise, Wealth Transfer
Sophie Turner, has Areas of Expertise, Tax-Efficient Investing
Sophie Turner, has Areas of Expertise, Retirement Planning
Sophie Turner, has Service Postcodes, WC2
Sophie Turner, has Service Postcodes, N1
Sophie Turner, has Service Postcodes, E1
Sophie Turner, has Service Postcodes, SW8
Sophie Turner, has Service Postcodes, EC4
Sophie Turner, has Service Postcodes, NW5
Sophie Turner, has Service Postcodes, SE3
Sophie Turner, has Service Postcodes, E15
Sophie Turner, has Service Postcodes, SW6
Sophie Turner, has Service Postcodes, N16
Sophie Turner, has Service Postcodes, E9
Sophie Turner, has Service Postcodes, W11
Sophie Turner, has Service Postcodes, N7
Sophie Turner, has Service Postcodes, NA
 Sophie Walker, is a, Personal Wealth Advisor
Sophie Walker, has Areas of Expertise, Asset Allocation
Sophie Walker, has Areas of Expertise, Tax Planning
Sophie Walker, has Areas of Expertise, Real Estate Investment
Sophie Walker, has Service Postcodes, SW5
Sophie Walker, has Service Postcodes, EC1
Sophie Walker, has Service Postcodes, N7
Sophie Walker, has Service Postcodes, W4
Sophie Walker, has Service Postcodes, SE18
Sophie Walker, has Interests, Cooking
Sophie Walker, has Interests, History
Sophie Walker, has Interests, Cycling
Sophie Walker, has Client Profile, Diverse client base aged 30-60
Sophie Walker, has Client Profile, with a common interest in real estate investments
Sophie Walker, has Client Profile, 65% have an educational background in history or humanities.
